[
  {
    "name": "theme_info",
    "theme_name": "Jumpstart",
    "theme_author": "Shopify",
    "theme_version": "8.2.2",
    "theme_documentation_url": "https://help.shopify.com/manual/using-themes/sections",
    "theme_support_url": "https://support.shopify.com/"
  },
  {
    "name": {
      "de": "Farben",
      "en": "Colors",
      "es": "Colores",
      "fr": "Couleurs",
      "it": "Colori",
      "ja": "色",
      "nl": "Kleuren",
      "pt-BR": "Cores",
      "zh-CN": "颜色",
      "zh-TW": "色彩"
    },
    "settings": [
      {
        "type": "header",
        "content": {
          "de": "Allgemein",
          "en": "General",
          "es": "General",
          "fr": "Général",
          "it": "Generale",
          "ja": "一般設定",
          "nl": "Algemeen",
          "pt-BR": "Geral",
          "zh-CN": "通用",
          "zh-TW": "一般"
        }
      },
      {
        "type": "color",
        "id": "color_body_bg",
        "label": {
          "de": "Hintergrund",
          "en": "Background",
          "es": "Fondo",
          "fr": "Arrière-plan",
          "it": "Sfondo",
          "ja": "背景",
          "nl": "Achtergrond",
          "pt-BR": "Plano de fundo",
          "zh-CN": "背景",
          "zh-TW": "背景"
        },
        "default": "#ffffff"
      },
      {
        "type": "color",
        "id": "color_body_bg_alt",
        "label": {
          "de": "Wechselnder Hintergrund",
          "en": "Alternate background",
          "es": "Fondo alternativo",
          "fr": "Autre arrière-plan",
          "it": "Sfondo alternativo",
          "ja": "代替背景",
          "nl": "Alternatieve achtergrond",
          "pt-BR": "Fundo alternativo",
          "zh-CN": "替代背景",
          "zh-TW": "替代背景"
        },
        "default": "#f9f9f9"
      },
      {
        "type": "color",
        "id": "color_primary",
        "label": {
          "de": "Primäre Akzente",
          "en": "Primary accents",
          "es": "Acentos principales",
          "fr": "Accents principaux",
          "it": "Elementi in risalto primari",
          "ja": "プライマリアクセント",
          "nl": "Primaire accenten",
          "pt-BR": "Acentos primários",
          "zh-CN": "主要主题色",
          "zh-TW": "主要色調"
        },
        "default": "#33856B",
        "info": {
          "de": "Wird für Textlinks, primäre Schaltflächen und bestimmte Hintergründe verwendet",
          "en": "Used for text links, primary buttons, and some background",
          "es": "Usado para enlaces de texto, botones principales y algunos fondos",
          "fr": "Utilisé pour les liens de texte, les boutons principaux et certains arrière-plans",
          "it": "Utilizzati per link di testo, pulsanti primari e alcuni sfondi",
          "ja": "テキストリンク、プライマリボタン、一部の背景などに使用されます。",
          "nl": "Gebruikt voor tekstkoppelingen, primaire knoppen en een achtergrond",
          "pt-BR": "Usado para links de texto, botões primários e plano de fundo",
          "zh-CN": "用于文本链接、主要按钮和某些背景",
          "zh-TW": "用於文字連結、主要按鈕與部分背景"
        }
      },
      {
        "type": "color",
        "id": "color_secondary",
        "label": {
          "de": "Sekundäre Akzente",
          "en": "Secondary accents",
          "es": "Acentos secundarios",
          "fr": "Accents secondaires",
          "it": "Elementi in risalto secondari",
          "ja": "サブアクセント",
          "nl": "Secundaire accenten",
          "pt-BR": "Acentos secundários",
          "zh-CN": "次要主题色",
          "zh-TW": "次要色調"
        },
        "default": "#141414",
        "info": {
          "de": "Komplementär zu primären Akzenten",
          "en": "Complementary to primary accents",
          "es": "Complementario a acentos primarios",
          "fr": "Complémentaire aux accents primaires",
          "it": "Complementari agli elementi in risalto primari",
          "ja": "プライマリアクセントを補足するものです",
          "nl": "Aanvullend op primaire accenten",
          "pt-BR": "Complementar aos acentos primários",
          "zh-CN": "补充主要主题色",
          "zh-TW": "主要色調的互補色"
        }
      },
      {
        "type": "color",
        "id": "color_borders",
        "label": {
          "de": "Rahmen",
          "en": "Borders",
          "es": "Bordes",
          "fr": "Bordures",
          "it": "Bordi",
          "ja": "罫線",
          "nl": "Randen",
          "pt-BR": "Bordas",
          "zh-CN": "边框",
          "zh-TW": "邊框"
        },
        "default": "#e9e9e9"
      },
      {
        "type": "header",
        "content": {
          "de": "Text",
          "en": "Text",
          "es": "Texto",
          "fr": "Texte",
          "it": "Testo",
          "ja": "テキスト",
          "nl": "Tekst",
          "pt-BR": "Texto",
          "zh-CN": "文本",
          "zh-TW": "文字"
        }
      },
      {
        "type": "color",
        "id": "color_text_titles",
        "label": {
          "de": "Überschriften",
          "en": "Headings",
          "es": "Títulos",
          "fr": "Titres",
          "it": "Titoli",
          "ja": "見出し",
          "nl": "Koppen",
          "pt-BR": "Títulos",
          "zh-CN": "标题",
          "zh-TW": "標題"
        },
        "default": "#111111"
      },
      {
        "type": "color",
        "id": "color_text_general",
        "label": {
          "de": "Normaler Text",
          "en": "Regular text",
          "es": "Texto normal",
          "fr": "Texte normal",
          "it": "Testo normale",
          "ja": "通常のテキスト",
          "nl": "Standaard tekst",
          "pt-BR": "Texto regular",
          "zh-CN": "常规文本",
          "zh-TW": "標準文字"
        },
        "default": "#343434"
      },
      {
        "type": "color",
        "id": "color_text_alternate",
        "label": {
          "de": "Alternativer Text",
          "en": "Alternate text",
          "es": "Texto alternativo",
          "fr": "Texte alternatif",
          "it": "Testo alternativo",
          "ja": "alt属性",
          "nl": "Alternatieve tekst",
          "pt-BR": "Texto alternativo",
          "zh-CN": "替代文本",
          "zh-TW": "替代文字"
        },
        "default": "#7a7a7a",
        "info": {
          "de": "Wird für Untertitel und Meta-Informationen verwendet",
          "en": "Used for subtitles and meta information",
          "es": "Usado para subtítulos y metainformación",
          "fr": "Utilisé pour les sous-titres et les méta-informations",
          "it": "Utilizzato per sottotitoli e meta informazioni",
          "ja": "字幕やメタ情報に使用されます",
          "nl": "Gebruikt voor ondertitels en meta-informatie",
          "pt-BR": "Usado para legendas e meta informações",
          "zh-CN": "用于副标题和元信息",
          "zh-TW": "用於副標題與中繼資訊"
        }
      },
      {
        "type": "color",
        "id": "color_text_buttons",
        "label": {
          "de": "Schaltflächentext",
          "en": "Button text",
          "es": "Botón de texto",
          "fr": "Texte du bouton",
          "it": "Testo pulsante",
          "ja": "ボタンテキスト",
          "nl": "Knoptekst",
          "pt-BR": "Texto do botão",
          "zh-CN": "按钮文字",
          "zh-TW": "按鈕文字"
        },
        "default": "#ffffff"
      },
      {
        "type": "header",
        "content": {
          "de": "Einschub",
          "en": "Drawer",
          "es": "Cajón",
          "fr": "Tiroir",
          "it": "Finestra",
          "ja": "ドロワー",
          "nl": "Lade",
          "pt-BR": "Caixa registradora",
          "zh-CN": "抽屉",
          "zh-TW": "收銀機"
        }
      },
      {
        "type": "color",
        "id": "color_drawer_background",
        "label": {
          "de": "Hintergrund",
          "en": "Background",
          "es": "Fondo",
          "fr": "Arrière-plan",
          "it": "Sfondo",
          "ja": "背景",
          "nl": "Achtergrond",
          "pt-BR": "Plano de fundo",
          "zh-CN": "背景",
          "zh-TW": "背景"
        },
        "default": "#000000"
      },
      {
        "type": "color",
        "id": "color_drawer_text",
        "label": {
          "de": "Text",
          "en": "Text",
          "es": "Texto",
          "fr": "Texte",
          "it": "Testo",
          "ja": "テキスト",
          "nl": "Tekst",
          "pt-BR": "Texto",
          "zh-CN": "文本",
          "zh-TW": "文字"
        },
        "default": "#ffffff"
      },
      {
        "type": "header",
        "content": {
          "de": "Fußzeile",
          "en": "Footer",
          "es": "Pie de página",
          "fr": "Pied de page",
          "it": "Footer",
          "ja": "フッター",
          "nl": "Voettekst",
          "pt-BR": "Rodapé",
          "zh-CN": "页脚",
          "zh-TW": "頁尾"
        }
      },
      {
        "type": "color",
        "id": "color_footer_bg",
        "label": {
          "de": "Hintergrund",
          "en": "Background",
          "es": "Fondo",
          "fr": "Arrière-plan",
          "it": "Sfondo",
          "ja": "背景",
          "nl": "Achtergrond",
          "pt-BR": "Plano de fundo",
          "zh-CN": "背景",
          "zh-TW": "背景"
        },
        "default": "#000000"
      },
      {
        "type": "color",
        "id": "color_footer_text",
        "label": {
          "de": "Text",
          "en": "Text",
          "es": "Texto",
          "fr": "Texte",
          "it": "Testo",
          "ja": "テキスト",
          "nl": "Tekst",
          "pt-BR": "Texto",
          "zh-CN": "文本",
          "zh-TW": "文字"
        },
        "default": "#757575"
      }
    ]
  },
  {
    "name": {
      "de": "Typografie",
      "en": "Typography",
      "es": "Tipografía",
      "fr": "Typographie",
      "it": "Caratteri tipografici",
      "ja": "文字体裁",
      "nl": "Typografie",
      "pt-BR": "Tipografia",
      "zh-CN": "版式",
      "zh-TW": "印刷樣式"
    },
    "settings": [
      {
        "type": "font_picker",
        "id": "typography_headings",
        "label": {
          "de": "Überschriften",
          "en": "Headings",
          "es": "Títulos",
          "fr": "Titres",
          "it": "Titoli",
          "ja": "見出し",
          "nl": "Koppen",
          "pt-BR": "Títulos",
          "zh-CN": "标题",
          "zh-TW": "標題"
        },
        "default": "montserrat_n5"
      },
      {
        "type": "font_picker",
        "id": "typography_body",
        "label": {
          "de": "Fließtext",
          "en": "Body text",
          "es": "Texto del cuerpo",
          "fr": "Corps du texte",
          "it": "Corpo del testo",
          "ja": "本文",
          "nl": "Hoofdtekst",
          "pt-BR": "Corpo do texto",
          "zh-CN": "正文文本",
          "zh-TW": "內文"
        },
        "default": "raleway_n5"
      }
    ]
  },
  {
    "name": {
      "de": "Favicon",
      "en": "Favicon",
      "es": "Favicon",
      "fr": "Favicon",
      "it": "Favicon",
      "ja": "ファビコン",
      "nl": "Favicon",
      "pt-BR": "Favicon",
      "zh-CN": "网站图标",
      "zh-TW": "Favicon"
    },
    "settings": [
      {
        "type": "image_picker",
        "id": "favicon",
        "label": {
          "de": "Favicon-Bild",
          "en": "Favicon image",
          "es": "Imagen de favicon",
          "fr": "Image favicon",
          "it": "Immagine favicon",
          "ja": "ファビコン画像",
          "nl": "Favicon-afbeelding",
          "pt-BR": "Imagem favicon",
          "zh-CN": "网站图标图片",
          "zh-TW": "Favicon 圖片"
        },
        "info": {
          "de": "Wird auf 32 x 32 Pixel verkleinert",
          "en": "Will be scaled down to 32 x 32px",
          "es": "Se reducirá a 32 x 32px",
          "fr": "Sera réduite à 32 x 32 px",
          "it": "Verrà ridimensionata a 32 x 32 pixel.",
          "ja": "32×32ピクセルに縮小されます。",
          "nl": "Wordt verkleind tot 32x32 pixels",
          "pt-BR": "Será reduzida para 32 x 32 pixels",
          "zh-CN": "将缩小到 32 x 32px",
          "zh-TW": "將會縮小為 32 x 32 像素"
        }
      }
    ]
  },
  {
    "name": {
      "de": "Social Media",
      "en": "Social media",
      "es": "Redes sociales",
      "fr": "Médias sociaux",
      "it": "Social media",
      "ja": "SNS",
      "nl": "Sociale media",
      "pt-BR": "Redes sociais",
      "zh-CN": "社交媒体",
      "zh-TW": "社交媒體"
    },
    "settings": [
      {
        "type": "header",
        "content": {
          "de": "Social-Sharing-Bild",
          "en": "Social sharing image",
          "es": "Imagen para redes sociales",
          "fr": "Image de partage social",
          "it": "Immagine per condivisione social",
          "ja": "SNSでシェアする画像",
          "nl": "Afbeelding voor delen via social media.",
          "pt-BR": "Imagem de compartilhamento social",
          "zh-CN": "社交分享图片",
          "zh-TW": "社群分享圖示"
        }
      },
      {
        "type": "image_picker",
        "id": "share_image",
        "label": {
          "de": "Foto",
          "en": "Image",
          "es": "Imagen",
          "fr": "Image",
          "it": "Immagine",
          "ja": "画像",
          "nl": "Afbeelding",
          "pt-BR": "Imagem",
          "zh-CN": "图片",
          "zh-TW": "圖片"
        },
        "info": {
          "de": "Wird angezeigt, wenn ein Link in den sozialen Medien geteilt wird. [Mehr Infos](https://help.shopify.com/manual/using-themes/troubleshooting/showing-social-media-thumbnail-images/) über Bild-Miniaturansichten.",
          "en": "Shown when sharing a link on social media. [Learn more](https://help.shopify.com/manual/using-themes/troubleshooting/showing-social-media-thumbnail-images/) about image thumbnails.",
          "es": "Aparece cuando se comparte un enlace en una red social. [Más información](https://help.shopify.com/manual/using-themes/troubleshooting/showing-social-media-thumbnail-images/) acerca de las miniaturas",
          "fr": "Affichée lorsqu'un lien est partagé sur les réseaux sociaux. [En savoir plus](https://help.shopify.com/manual/using-themes/troubleshooting/showing-social-media-thumbnail-images/) à propos des images miniatures.",
          "it": "Mostrata quando si condivide un link sui social media. [Maggiori informazioni](https://help.shopify.com/manual/using-themes/troubleshooting/showing-social-media-thumbnail-images/) sulle immagini di anteprima.",
          "ja": "SNSでリンクがシェアされると表示されます。[詳細情報](https://help.shopify.com/manual/using-themes/troubleshooting/showing-social-media-thumbnail-images/)画像のサムネイルについては、上のリンクを参照してください。",
          "nl": "Wordt weergegeven wanneer u een link deelt via social media. [Meer informatie](https://help.shopify.com/manual/using-themes/troubleshooting/showing-social-media-thumbnail-images/) over miniatuurafbeeldingen.",
          "pt-BR": "Apresentada ao compartilhar um link nas redes sociais. [Saiba mais](https://help.shopify.com/manual/using-themes/troubleshooting/showing-social-media-thumbnail-images/) sobre miniaturas de imagens.",
          "zh-CN": "在社交媒体上分享链接时显示。[了解有关图片缩略图的详细信息](https://help.shopify.com/manual/using-themes/troubleshooting/showing-social-media-thumbnail-images/)。",
          "zh-TW": "在社群媒體上分享連結時顯示。[深入瞭解](https://help.shopify.com/manual/using-themes/troubleshooting/showing-social-media-thumbnail-images/)圖片縮圖的相關資訊。"
        }
      },
      {
        "type": "header",
        "content": {
          "de": "Social-Media-Konten",
          "en": "Social accounts",
          "es": "Cuentas de redes sociales",
          "fr": "Comptes sociaux",
          "it": "Account social",
          "ja": "SNSアカウント",
          "nl": "Social media-accounts",
          "pt-BR": "Contas em redes sociais",
          "zh-CN": "社媒帐户",
          "zh-TW": "社群帳號"
        }
      },
      {
        "type": "text",
        "id": "social_twitter",
        "label": {
          "de": "Twitter",
          "en": "Twitter",
          "es": "Twitter",
          "fr": "Twitter",
          "it": "Twitter",
          "ja": "Twitter",
          "nl": "Twitter",
          "pt-BR": "Twitter",
          "zh-CN": "Twitter",
          "zh-TW": "Twitter"
        },
        "info": {
          "de": "https://twitter.com/shopify",
          "en": "https://twitter.com/shopify",
          "es": "https://twitter.com/shopify",
          "fr": "https://twitter.com/shopify",
          "it": "https://twitter.com/shopify",
          "ja": "https://twitter.com/shopify",
          "nl": "https://twitter.com/shopify",
          "pt-BR": "https://twitter.com/shopify",
          "zh-CN": "https://twitter.com/shopify",
          "zh-TW": "https://twitter.com/shopify"
        }
      },
      {
        "type": "text",
        "id": "social_facebook",
        "label": {
          "de": "Facebook",
          "en": "Facebook",
          "es": "Facebook",
          "fr": "Facebook",
          "it": "Facebook",
          "ja": "Facebook",
          "nl": "Facebook",
          "pt-BR": "Facebook",
          "zh-CN": "Facebook",
          "zh-TW": "Facebook"
        },
        "info": {
          "de": "https://www.facebook.com/shopify",
          "en": "https://www.facebook.com/shopify",
          "es": "https://www.facebook.com/shopify",
          "fr": "https://www.facebook.com/shopify",
          "it": "https://www.facebook.com/shopify",
          "ja": "https://www.facebook.com/shopify",
          "nl": "https://www.facebook.com/shopify",
          "pt-BR": "https://www.facebook.com/shopify",
          "zh-CN": "https://www.facebook.com/shopify",
          "zh-TW": "https://www.facebook.com/shopify"
        }
      },
      {
        "type": "text",
        "id": "social_google",
        "label": {
          "de": "Google+",
          "en": "Google+",
          "es": "Google+",
          "fr": "Google+",
          "it": "Google+",
          "ja": "Google+",
          "nl": "Google+",
          "pt-BR": "Google+",
          "zh-CN": "Google+",
          "zh-TW": "Google+"
        },
        "info": {
          "de": "https://plus.google.com/+shopify",
          "en": "https://plus.google.com/+shopify",
          "es": "https://plus.google.com/+shopify",
          "fr": "https://plus.google.com/+shopify",
          "it": "https://plus.google.com/+shopify",
          "ja": "https://plus.google.com/+shopify",
          "nl": "https://plus.google.com/+shopify",
          "pt-BR": "https://plus.google.com/+shopify",
          "zh-CN": "https://plus.google.com/+shopify",
          "zh-TW": "https://plus.google.com/+shopify"
        }
      },
      {
        "type": "text",
        "id": "social_youtube",
        "label": {
          "de": "Youtube",
          "en": "YouTube",
          "es": "Youtube",
          "fr": "YouTube",
          "it": "YouTube",
          "ja": "YouTube",
          "nl": "YouTube",
          "pt-BR": "YouTube",
          "zh-CN": "YouTube",
          "zh-TW": "YouTube"
        },
        "info": {
          "de": "https://www.youtube.com/user/shopify",
          "en": "https://www.youtube.com/user/shopify",
          "es": "https://www.youtube.com/user/shopify",
          "fr": "https://www.youtube.com/user/shopify",
          "it": "https://www.youtube.com/user/shopify",
          "ja": "https://www.youtube.com/user/shopify",
          "nl": "https://www.youtube.com/user/shopify",
          "pt-BR": "https://www.youtube.com/user/shopify",
          "zh-CN": "https://www.youtube.com/user/shopify",
          "zh-TW": "https://www.youtube.com/user/shopify"
        }
      },
      {
        "type": "text",
        "id": "social_vimeo",
        "label": {
          "de": "Vimeo",
          "en": "Vimeo",
          "es": "Vimeo",
          "fr": "Vimeo",
          "it": "Vimeo",
          "ja": "Vimeo",
          "nl": "Vimeo",
          "pt-BR": "Vimeo",
          "zh-CN": "Vimeo",
          "zh-TW": "Vimeo"
        },
        "info": {
          "de": "https://vimeo.com/shopify",
          "en": "https://vimeo.com/shopify",
          "es": "https://vimeo.com/shopify",
          "fr": "https://vimeo.com/shopify",
          "it": "https://vimeo.com/shopify",
          "ja": "https://vimeo.com/shopify",
          "nl": "https://vimeo.com/shopify",
          "pt-BR": "https://vimeo.com/shopify",
          "zh-CN": "https://vimeo.com/shopify",
          "zh-TW": "https://vimeo.com/shopify"
        }
      },
      {
        "type": "text",
        "id": "social_pinterest",
        "label": {
          "de": "Pinterest",
          "en": "Pinterest",
          "es": "Pinterest",
          "fr": "Pinterest",
          "it": "Pinterest",
          "ja": "Pinterest",
          "nl": "Pinterest",
          "pt-BR": "Pinterest",
          "zh-CN": "Pinterest",
          "zh-TW": "Pinterest"
        },
        "info": {
          "de": "https://www.pinterest.com/shopify",
          "en": "https://www.pinterest.com/shopify",
          "es": "https://www.pinterest.com/shopify",
          "fr": "https://www.pinterest.com/shopify",
          "it": "https://www.pinterest.com/shopify",
          "ja": "https://www.pinterest.com/shopify",
          "nl": "https://www.pinterest.com/shopify",
          "pt-BR": "https://www.pinterest.com/shopify",
          "zh-CN": "https://www.pinterest.com/shopify",
          "zh-TW": "https://www.pinterest.com/shopify"
        }
      },
      {
        "type": "text",
        "id": "social_snapchat",
        "label": {
          "de": "Snapchat",
          "en": "Snapchat",
          "es": "Snapchat",
          "fr": "Snapchat",
          "it": "Snapchat",
          "ja": "Snapchat",
          "nl": "Snapchat",
          "pt-BR": "Snapchat",
          "zh-CN": "Snapchat",
          "zh-TW": "Snapchat"
        },
        "info": {
          "de": "https://www.snapchat.com/add/shopify",
          "en": "https://www.snapchat.com/add/shopify",
          "es": "https://www.snapchat.com/add/shopify",
          "fr": "https://www.snapchat.com/add/shopify",
          "it": "https://www.snapchat.com/add/shopify",
          "ja": "https://www.snapchat.com/add/shopify",
          "nl": "https://www.snapchat.com/add/shopify",
          "pt-BR": "https://www.snapchat.com/add/shopify",
          "zh-CN": "https://www.snapchat.com/add/shopify",
          "zh-TW": "https://www.snapchat.com/add/shopify"
        }
      },
      {
        "type": "text",
        "id": "social_tumblr",
        "label": {
          "de": "Tumblr",
          "en": "Tumblr",
          "es": "Tumblr",
          "fr": "Tumblr",
          "it": "Tumblr",
          "ja": "Tumblr",
          "nl": "Tumblr",
          "pt-BR": "Tumblr",
          "zh-CN": "Tumblr",
          "zh-TW": "Tumblr"
        },
        "info": {
          "de": "http://shopify.tumblr.com",
          "en": "http://shopify.tumblr.com",
          "es": "http://shopify.tumblr.com",
          "fr": "http://shopify.tumblr.com",
          "it": "http://shopify.tumblr.com",
          "ja": "http://shopify.tumblr.com",
          "nl": "http://shopify.tumblr.com",
          "pt-BR": "http://shopify.tumblr.com",
          "zh-CN": "http://shopify.tumblr.com",
          "zh-TW": "http://shopify.tumblr.com"
        }
      },
      {
        "type": "text",
        "id": "social_instagram",
        "label": {
          "de": "Instagram",
          "en": "Instagram",
          "es": "Instagram",
          "fr": "Instagram",
          "it": "Instagram",
          "ja": "Instagram",
          "nl": "Instagram",
          "pt-BR": "Instagram",
          "zh-CN": "Instagram",
          "zh-TW": "Instagram"
        },
        "info": {
          "de": "https://instagram.com/shopify",
          "en": "https://instagram.com/shopify",
          "es": "https://instagram.com/shopify",
          "fr": "https://instagram.com/shopify",
          "it": "https://instagram.com/shopify",
          "ja": "https://instagram.com/shopify",
          "nl": "https://instagram.com/shopify",
          "pt-BR": "https://instagram.com/shopify",
          "zh-CN": "https://instagram.com/shopify",
          "zh-TW": "https://instagram.com/shopify"
        }
      },
      {
        "type": "text",
        "id": "social_linkedin",
        "label": {
          "de": "LinkedIn",
          "en": "LinkedIn",
          "es": "LinkedIn",
          "fr": "LinkedIn",
          "it": "LinkedIn",
          "ja": "LinkedIn",
          "nl": "LinkedIn",
          "pt-BR": "LinkedIn",
          "zh-CN": "LinkedIn",
          "zh-TW": "LinkedIn"
        },
        "info": {
          "de": "https://www.linkedin.com/company/shopify",
          "en": "https://www.linkedin.com/company/shopify",
          "es": "https://www.linkedin.com/company/shopify",
          "fr": "https://www.linkedin.com/company/shopify",
          "it": "https://www.linkedin.com/company/shopify",
          "ja": "https://www.linkedin.com/company/shopify",
          "nl": "https://www.linkedin.com/company/shopify",
          "pt-BR": "https://www.linkedin.com/company/shopify",
          "zh-CN": "https://www.linkedin.com/company/shopify",
          "zh-TW": "https://www.linkedin.com/company/shopify"
        }
      },
      {
        "type": "text",
        "id": "social_flickr",
        "label": {
          "de": "Flickr",
          "en": "Flickr",
          "es": "Flickr",
          "fr": "Flickr",
          "it": "Flickr",
          "ja": "Flickr",
          "nl": "Flickr",
          "pt-BR": "Flickr",
          "zh-CN": "Flickr",
          "zh-TW": "Flickr"
        },
        "info": {
          "de": "https://www.flickr.com/photos/shopify/",
          "en": "https://www.flickr.com/photos/shopify/",
          "es": "https://www.flickr.com/photos/shopify/",
          "fr": "https://www.flickr.com/photos/shopify/",
          "it": "https://www.flickr.com/photos/shopify/",
          "ja": "https://www.flickr.com/photos/shopify/",
          "nl": "https://www.flickr.com/photos/shopify/",
          "pt-BR": "https://www.flickr.com/photos/shopify/",
          "zh-CN": "https://www.flickr.com/photos/shopify/",
          "zh-TW": "https://www.flickr.com/photos/shopify/"
        }
      },
      {
        "type": "text",
        "id": "social_email",
        "label": {
          "de": "E-Mail",
          "en": "Email",
          "es": "Correo electrónico",
          "fr": "E-mail",
          "it": "Email",
          "ja": "メール",
          "nl": "E‑mail",
          "pt-BR": "E-mail",
          "zh-CN": "电子邮件",
          "zh-TW": "電子郵件"
        },
        "info": {
          "de": "contact@shopify.com",
          "en": "contact@shopify.com",
          "es": "contact@shopify.com",
          "fr": "contact@shopify.com",
          "it": "contact@shopify.com",
          "ja": "contact@shopify.com",
          "nl": "contact@shopify.com",
          "pt-BR": "contact@shopify.com",
          "zh-CN": "contact@shopify.com",
          "zh-TW": "contact@shopify.com"
        }
      }
    ]
  }
]