{"current":{"color_body_bg":"#000000","color_body_bg_alt":"#000000","color_primary":"#de4cd4","color_secondary":"#de4cd4","color_borders":"#e259fd","color_text_titles":"#ffffff","color_text_general":"#ffffff","color_text_alternate":"#ffffff","color_text_buttons":"#ffffff","color_drawer_background":"#de4cd4","color_drawer_text":"#ffffff","color_footer_bg":"#000000","color_footer_text":"#e1c9ed","typography_headings":"catamaran_n7","typography_body":"catamaran_n2","favicon":"shopify:\/\/shop_images\/PNG_NEW-01.png","share_image":"shopify:\/\/shop_images\/3D-MOCKUP-DISPLAY.jpg","social_twitter":"","social_facebook":"","social_google":"","social_youtube":"","social_vimeo":"","social_pinterest":"","social_snapchat":"https:\/\/www.snapchat.com\/add\/tradoz.contact","social_tumblr":"","social_instagram":"https:\/\/instagram.com\/tradoz","social_linkedin":"https:\/\/www.linkedin.com\/company\/28423993","social_flickr":"","social_email":"Tradoz.contact@gmail.com","checkout_header_image":"","checkout_logo_image":"shopify:\/\/shop_images\/PNG_NEW-01.png","checkout_logo_position":"left","checkout_logo_size":"small","checkout_body_background_image":"","checkout_body_background_color":"#000000","checkout_input_background_color_mode":"white","checkout_sidebar_background_image":"","checkout_sidebar_background_color":"#000000","checkout_heading_font":"-apple-system, BlinkMacSystemFont, 'Segoe UI', Roboto, Helvetica, Arial, sans-serif, 'Apple Color Emoji', 'Segoe UI Emoji', 'Segoe UI Symbol'","checkout_body_font":"-apple-system, BlinkMacSystemFont, 'Segoe UI', Roboto, Helvetica, Arial, sans-serif, 'Apple Color Emoji', 'Segoe UI Emoji', 'Segoe UI Symbol'","checkout_accent_color":"#e01cd7","checkout_button_color":"#de4cd4","checkout_error_color":"#e32c2b","sections":{"header":{"type":"header","settings":{"logo":"shopify:\/\/shop_images\/PNG_NEW-01.png","logo_use_inverted":false,"logo-inverted":"shopify:\/\/shop_images\/Sans_titre_1.png","logo_max_width":"1","main_linklist":"main-menu","menu_style":"drawer","menu_text_color":"is-dark","menu_product":"","show_announcement":false,"home_page_only":false,"announcement_text":"Tradoz","announcement_link":"shopify:\/\/pages\/comment-recevoir-les-alertes-et-trader","announcement_color_bg":"#de4cd4","announcement_color_text":"#fff"}},"video":{"type":"video","disabled":true,"settings":{"heading":"Tradoz","video_url":"","video_text_color":"video-text-dark","cover_image":""}},"feature-rows":{"type":"feature-rows","settings":{"text_color":"#ffffff","background_color":"#000000","home-featured-align":"right-img","image":"shopify:\/\/shop_images\/7B3BBBCA-01FF-4A1A-BF10-7DA730A5F31A.png","home-featured-title":"","home-featured-content":"<p>&bull;&nbsp;Les <strong><a href=\"\/pages\/comment-recevoir-les-alertes-et-trader\" title=\"Les &eacute;tapes &agrave; suivre\">&eacute;tapes &agrave; suivre<\/a><\/strong>&nbsp;pour&nbsp;trader<\/p>\n<p>&bull;&nbsp;<strong>GRATUIT&nbsp;<\/strong>: Groupes&nbsp;<a href=\"\/pages\/nos-partenaires\" title=\"Evaluer son profil de risque\"><strong>d&eacute;butants<\/strong><\/a> \/ <a href=\"\/pages\/nos-partenaires\" title=\"Evaluer son profil de risque\"><strong>confirm&eacute;s<\/strong><\/a><\/p>\n<p>&bull; Nous <strong><a href=\"\/pages\/contact\" title=\"Contact\">contacter<\/a>&nbsp;<\/strong><\/p>\n<p><\/p>\n<p>&nbsp;<\/p>","home-featured-btn-label":"Telegram Débutants","home-featured-btn-url":"https:\/\/t.me\/Tradoz"}},"kickstarter":{"type":"kickstarter","disabled":true,"settings":{"home-kickstarter-title":"Performances de la semaine","home-kickstarter-subtitle":"Campaign tracker","home-kickstarter-style":"bar","home-kickstarter-bg":"","home-kickstarter-percent":"10,8","home-kickstarter-amount":"$1000","home-kickstarter-backers":"16","home-kickstarter-url":"https:\/\/www.shopify.com"}},"faq":{"type":"faq","blocks":{"faq-2":{"type":"text","settings":{"home-faq-title":"Les services de Tradoz","home-faq-content":"<p><a href=\"\/pages\/nos-partenaires\" title=\"Evaluer son profil de risque\"><strong>D&eacute;butants<\/strong><\/a> : Portefeuille de 100 000$ virtuels&nbsp;pour s&rsquo;entra&icirc;ner &agrave; placer et param&eacute;trer ses premiers ordres gr&acirc;ce au canal public et\/ou copy-trading&nbsp;<\/p>\n<p><\/p>\n<p><a href=\"https:\/\/www.vantagefx.com\/?cxd=36792_384489&amp;affid\" title=\"https:\/\/www.vantagefx.com\/?cxd=36792_384489&amp;affid\"><strong>Confirm&eacute;s<\/strong><\/a> : Acc&eacute;dez &agrave; MetaTrader5 gratuitement dans VantageFX pour analyser, placer des ordres avec des effets de leviers moins restreints et utilisation de robo-advisor.&nbsp;<\/p>\n<p><\/p>\n<p><\/p>"}},"1564251482021":{"type":"text","settings":{"home-faq-title":"Les étapes à suivre","home-faq-content":"<p>Pour suivre nos analyses en temps r&eacute;el:<\/p>\n<p><\/p>\n<p>&bull;&nbsp; &Eacute;value ton profil de risque avec une de nos&nbsp;<a href=\"http:\/\/partners.etoro.com\/A80207_TClick.aspx\" title=\"http:\/\/partners.etoro.com\/A80207_TClick.aspx\"><strong>plateformes partenaires<\/strong><\/a>&nbsp;<\/p>\n<p>&bull; Effectue ton premier d&eacute;p&ocirc;t pour constituer un capital de d&eacute;part<\/p>\n<p>&bull;&nbsp;Apr&egrave;s v&eacute;rification aupr&egrave;s de <strong><a href=\"\/pages\/contact\" title=\"Contact\">notre &eacute;quipe<\/a><\/strong>, rejoins le canal d'alertes <strong><a href=\"https:\/\/t.me\/joinchat\/AAAAAFiX0VuhZLvknUvprw\" title=\"https:\/\/t.me\/joinchat\/AAAAAFiX0VuhZLvknUvprw\">Telegram<\/a><\/strong>&nbsp;pour recevoir les signaux, place tes ordres ou opte pour le <strong><a href=\"https:\/\/www.etoro.com\/fr\/trading\/copytrader\/\" title=\"https:\/\/www.etoro.com\/fr\/trading\/copytrader\/\">copytrading<\/a><\/strong><\/p>\n<p>&bull; Retire tes gains, en physique ou dans une banque 100% en ligne - &agrave; venir<\/p>\n<p><\/p>\n<p>Avec nous:<\/p>\n<p>&bull;&nbsp;Gestion d'un&nbsp;carnet d&rsquo;ordre (achat\/vente), connaitre les principaux acteurs du march&eacute; et instruments financiers<\/p>\n<p>&bull;&nbsp;B&eacute;n&eacute;ficiez de notre flux d&rsquo;informations macro&eacute;conomique et micro&eacute;conomique en temps r&eacute;el et d&eacute;crypt&eacute;<\/p>\n<p>&bull;&nbsp;Des analyses graphiques et explications des entr&eacute;es et sorties des positions sur les march&eacute;s indices actions, devises, mati&egrave;res premi&egrave;res, cryptomonnaies&nbsp;<\/p>\n<p><strong>&bull; <\/strong>Apprendre &agrave; &ecirc;tre responsable, &eacute;tablir des objectifs de gain et limiter des pertes<\/p>\n<p>&bull; &Ecirc;tre sensibilis&eacute; &agrave; la gestion des risques en &eacute;valuant son profil et utiliser les bons effets de levier<\/p>\n<p>&bull; Mise &agrave; disposition d'outils d'analyses et robo-advisor<\/p>"}},"faq-0":{"type":"text","settings":{"home-faq-title":"Le trading en quelques lignes","home-faq-content":"<p>Le trading est un terme pour d&eacute;signer les op&eacute;rations d'achats et de ventes effectu&eacute;es sur les&nbsp;march&eacute;s&nbsp;financiers. Ces op&eacute;rations sont r&eacute;alis&eacute;es par des&nbsp;traders&nbsp;depuis la salle des march&eacute;s d'une institution financi&egrave;re ou boursi&egrave;re, ou depuis Internet dans le cas des traders ind&eacute;pendants. Le day trading correspond ainsi &agrave; l'activit&eacute; de sp&eacute;culation des traders sur des produits financiers (actions, options financi&egrave;res, contrats &agrave; terme,&nbsp;devises, etc.) dans un espoir de profitabilit&eacute; &agrave; court terme en fonction des fluctuations du march&eacute;. Le&nbsp;trading&nbsp;d&eacute;finit &eacute;galement la discipline du n&eacute;goce d&eacute;sormais enseign&eacute;e &agrave; travers des formations dispens&eacute;es au sein d'&eacute;coles de commerce ou par des professionnels ind&eacute;pendants. Outre l'analyse technique qui est au d&eacute;part du comportement des intervenants sur les march&eacute;s financiers, l'enseignement du trading peut &eacute;voquer &eacute;galement la gestion des risques financiers, le suivi des op&eacute;rations de march&eacute;, ainsi que la pr&eacute;vention des d&eacute;lits financiers, entre autres.<\/p>"}},"faq-1":{"type":"text","settings":{"home-faq-title":"Les réglementations","home-faq-content":"<p>Bien que la n&eacute;gociation des \"contract for difference\" avec un courtier bas&eacute; en Europe exigera un&nbsp;<strong>d&eacute;p&ocirc;t plus &eacute;lev&eacute;<\/strong>, vous pourrez trader avec le&nbsp;<strong>maximum de s&eacute;curit&eacute;<\/strong>, et aurez la certitude que vos ordres soient pass&eacute;s de mani&egrave;re honn&ecirc;te. De plus, vous aurez la garantie de pouvoir&nbsp;<strong>retirer vos gains<\/strong>&nbsp;de la mani&egrave;re la plus stricte, et pouvoir avoir recours &agrave; une&nbsp;<strong>m&eacute;diation<\/strong>&nbsp;avec l&rsquo;autorit&eacute; comp&eacute;tente en cas de manquement de la part du courtier Europ&eacute;en.<\/p>\n<p>Les&nbsp;produits financiers&nbsp;d&eacute;velopp&eacute;s pour attirer les particuliers pr&eacute;sentent un risque financier. D'une part li&eacute; &agrave; la volatilit&eacute; du march&eacute;&nbsp;et d'autre part li&eacute; &agrave; une utilisation excessive de l'effet de levier (la capacit&eacute;&nbsp;de multiplier une&nbsp;exposition sur un march&eacute; financier en n'immobilisant qu'une partie de son&nbsp;capital). Il existe aussi le risque d'escroquerie. Avec Internet, de nombreuses plateforme de trading non r&eacute;gul&eacute;es font de la publicit&eacute; mensong&egrave;re.&nbsp;L'Autorit&eacute; des march&eacute;s financiers (AMF)&nbsp;a dress&eacute;&nbsp;<a href=\"https:\/\/www.amf-france.org\/Epargne-Info-Service\/Proteger-son-epargne\/Listes-noires\">une liste noire<\/a>&nbsp;des plateformes de trading non r&eacute;gul&eacute;es.&nbsp;Et enfin, il existe le risque d'addiction comme dans les jeux d'argent.&nbsp;&nbsp;<\/p>\n<p><a href=\"https:\/\/www.amf-france.org\/Acteurs-et-produits\/Prestataires-financiers\/Certification-professionnelle\" title=\"https:\/\/www.amf-france.org\/Acteurs-et-produits\/Prestataires-financiers\/Certification-professionnelle\">Tradoz&nbsp;est certifi&eacute; par l'AMF <\/a>&nbsp;depuis 2018 et nos brokers partenaires sont r&eacute;glement&eacute;s et surveill&eacute;s par les autorit&eacute;s comp&eacute;tentes nationales europ&eacute;ennes et internationales telles que l'ESMA pour eToro, la FCA, ASIC, CIMA pour Vantage FX.<\/p>"}}},"block_order":["1564251482021","faq-2","faq-0","faq-1"],"settings":{"title":"FAQ"}},"featured-content":{"type":"featured-content","blocks":{"featured-content-0":{"type":"text","settings":{"block_title":"","content":"<p>LES CFD SONT DES INSTRUMENTS COMPLEXES ET SONT ASSOCI&Eacute;S &Agrave; UN RISQUE &Eacute;LEV&Eacute; DE PERDRE DE L'ARGENT &Agrave; CAUSE DE L'EFFET DE LEVIER. 76% DES COMPTES DES INVESTISSEURS DE D&Eacute;TAIL PERDENT DE L'ARGENT LORSQU'ILS TRADENT DES CFD AVEC CE FOURNISSEUR. ASSUREZ-VOUS DE COMPRENDRE COMMENT LES CFD FONCTIONNENT ET SI VOUS POUVEZ VOUS PERMETTRE DE RISQUER LA PERTE DE VOTRE CAPITAL<\/p>"}}},"block_order":["featured-content-0"],"settings":{"home-page-bg":"","home-page-background-overlay":false}},"footer":{"type":"footer","settings":{"footer_logo":"shopify:\/\/shop_images\/PNG_NEW-01.png","footer_logo_max_width":"150","footer_newsletter_enable":false,"subheading":"<p>Promotions, new products and sales. Directly to your inbox.<\/p>","footer_linklist":"footer","show_payment_icons":true}},"1564280021235":{"type":"feature-collection","settings":{"heading":"Nos services","collection":"frontpage","grid":2,"rows":1,"show_view_all":false}},"1569436453949":{"type":"calender","settings":{"title":"Calendrier","widget_height":"400"}},"product-template":{"type":"product-template","settings":{"enable_payment_button":true,"social_sharing_products":true}},"list-collection-template":{"type":"list-collection-template","settings":{"display_type":"selected","sort":"alphabetical_reversed","grid":"2"}},"collection-template":{"type":"collection-template","settings":{"grid":"2","rows":"3"}},"cart-template":{"type":"cart-template","settings":{"cart_notes_enable":false}},"1569460267688":{"type":"rich-text","disabled":true,"settings":{"home_page_full_width":false,"section_title":"Parlez de votre marque","text":"<p>Utilisez ce texte pour partager des informations sur votre marque. Décrivez un produit, partagez des annonces, ou souhaitez la bienvenue à vos clients.<\/p>","text_size":"medium"}}},"content_for_index":["video","feature-rows","kickstarter","faq","1564280021235","1569436453949","featured-content","1569460267688"]},"presets":{"Jumpstart":{"color_body_bg":"#ffffff","color_body_bg_alt":"#f9f9f9","color_primary":"#33856B","color_secondary":"#141414","color_borders":"#e9e9e9","color_text_titles":"#111111","color_text_general":"#343434","color_text_alternate":"#7a7a7a","color_text_buttons":"#ffffff","color_drawer_background":"#000000","color_drawer_text":"#ffffff","color_footer_bg":"#000000","color_footer_text":"#757575","typography_headings":"montserrat_n5","typography_body":"raleway_n5","sections":{"header":{"type":"header","settings":{}},"video":{"type":"video","settings":{}},"feature-rows":{"type":"feature-rows","settings":{}},"feature-columns":{"type":"feature-columns","blocks":{"feature-columns-0":{"type":"text","settings":{}},"feature-columns-1":{"type":"text","settings":{}},"feature-columns-2":{"type":"text","settings":{}}},"block_order":["feature-columns-0","feature-columns-1","feature-columns-2"],"settings":{}},"kickstarter":{"type":"kickstarter","settings":{}},"slideshow":{"type":"slideshow","blocks":{"slideshow-0":{"type":"image","settings":{}},"slideshow-1":{"type":"image","settings":{}},"slideshow-2":{"type":"image","settings":{}}},"block_order":["slideshow-0","slideshow-1","slideshow-2"],"settings":{}},"faq":{"type":"faq","blocks":{"faq-0":{"type":"text","settings":{}},"faq-1":{"type":"text","settings":{}},"faq-2":{"type":"text","settings":{}}},"block_order":["faq-0","faq-1","faq-2"],"settings":{}},"home-product":{"type":"home-product","settings":{}},"featured-blog":{"type":"featured-blog","settings":{"blog":"news"}},"featured-content":{"type":"featured-content","blocks":{"featured-content-0":{"type":"text","settings":{}}},"block_order":["featured-content-0"],"settings":{}},"footer":{"type":"footer","settings":{}}},"content_for_index":["video","feature-rows","feature-columns","featured-content","kickstarter","faq","slideshow","home-product","featured-blog"]}}}